"chapter_order","chapter_title","topic_order","topic_title","topic_description","topic_details","explanation","example","example_tips","dialogue","image_alt","image_name","image_url","image_prompt"
"1","Hello! Getting Started","1.1","Greetings and Identity","Basic greetings and introducing yourself in Sanskrit","Basic greetings and introducing yourself in Sanskrit","Learn how to greet people and introduce yourself in Sanskrit. This lesson covers the fundamental phrases for meeting and getting to know someone.","{ sanskrit: ""namaste (नमस्ते)"", english: ""Hello"" | sanskrit: ""svāgatam (स्वागतम्)"", english: ""Welcome"" | sanskrit: ""mama nāma (मम नाम)"", english: ""My name"" | sanskrit: ""tava nāma (तव नाम)"", english: ""Your name"" | sanskrit: ""kaḥ (कः)"", english: ""Who"" | sanskrit: ""kim (किम्)"", english: ""What"" }","Use 'namaste' for both hello and goodbye. It's a respectful greeting that can be used at any time of day.","{ sanskrit: ""Person A: namaste! (Hello!)"", english: ""Person A: Hello!"" | sanskrit: ""Person B: namaste! mama nāma Rāmaḥ. (Hello! My name is Rama.)"", english: ""Person B: Hello! My name is Rama."" | sanskrit: ""Person A: tava nāma kim? (What is your name?)"", english: ""Person A: What is your name?"" | sanskrit: ""Person B: mama nāma Sītā. (My name is Sita.)"", english: ""Person B: My name is Sita."" }","Two people greeting each other in traditional Indian style","greetings-practice.png","https://dash.cloudflare.com/9e1c4092ca4c803f08a507eab1d1d1e7/r2/default/buckets/sanskrit/objects/greetings-practice.png/details","Educational illustration for Sanskrit learning, clean modern style, suitable for language learning app, Two people greeting each other in traditional Indian style, bright colors, clear typography, educational design"
"1","Hello! Getting Started","1.6","Vocabulary: Top 10 Daily Use Items","Essential vocabulary for daily conversations","Essential vocabulary for daily conversations","","{ sanskrit: ""pustakam (पुस्तकम्)"", english: ""book"" | sanskrit: ""phalam (फलम्)"", english: ""fruit"" | sanskrit: ""jalam (जलम्)"", english: ""water"" | sanskrit: ""annam (अन्नम्)"", english: ""food"" | sanskrit: ""vastraṃ (वस्त्रं)"", english: ""cloth/clothing"" | sanskrit: ""ghṛtam (घृतम्)"", english: ""ghee"" | sanskrit: ""dūdham (दूधम्)"", english: ""milk"" | sanskrit: ""śakam (शकम्)"", english: ""vegetable"" | sanskrit: ""mudrā (मुद्रा)"", english: ""coin/money"" | sanskrit: ""gṛham (गृहम्)"", english: ""house"" }","Most of these words are neuter nouns ending in '-am'. Practice using them with 'idam' (this) and 'tat' (that).","
          { sanskrit: ""Person A: kim idam?"", english: ""What is this?"" },
          { sanskrit: ""Person B: idam pustakam."", english: ""This is a book."" },
          { sanskrit: ""Person A: kim tat?"", english: ""What is that?"" },
          { sanskrit: ""Person B: tat phalam."", english: ""That is a fruit."" }
        ","Various daily use items like books, fruits, water, food, clothing, etc.","daily-use-items.jpg","https://dash.cloudflare.com/9e1c4092ca4c803f08a507eab1d1d1e7/r2/default/buckets/sanskrit/objects/daily-use-items.jpg/details","Educational illustration for Sanskrit learning, clean modern style, suitable for language learning app, Various daily use items like books, fruits, water, food, clothing, etc., bright colors, clear typography, educational design"
"1","Hello! Getting Started","1.3","My Name Is... (The Feminine Name)","Learning feminine gender names and introductions","Learning feminine gender names and introductions","","{ sanskrit: ""mama nāma (मम नाम)"", english: ""My name"" | sanskrit: ""sītā (सीता)"", english: ""Sita (feminine name)"" | sanskrit: ""pārvatī (पार्वती)"", english: ""Parvati (feminine name)"" | sanskrit: ""lakṣmī (लक्ष्मी)"", english: ""Lakshmi (feminine name)"" | sanskrit: ""putrī (पुत्री)"", english: ""daughter (feminine)"" }","Feminine names in Sanskrit typically end in '-ā' in the nominative case. These represent female persons or feminine concepts.","
          { sanskrit: ""Person A: mama nāma sītā."", english: ""My name is Sita."" },
          { sanskrit: ""Person B: mama nāma pārvatī."", english: ""My name is Parvati."" }
        ","Traditional Indian female figures representing feminine names","feminine-names.png","https://dash.cloudflare.com/9e1c4092ca4c803f08a507eab1d1d1e7/r2/default/buckets/sanskrit/objects/feminine-names.png/details","Educational illustration for Sanskrit learning, clean modern style, suitable for language learning app, Traditional Indian female figures representing feminine names, bright colors, clear typography, educational design"
"1","Hello! Getting Started","1.2","My Name Is... (The Masculine Name)","Learning masculine gender names and introductions","Learning masculine gender names and introductions","","{ sanskrit: ""mama nāma (मम नाम)"", english: ""My name"" | sanskrit: ""rāmaḥ (रामः)"", english: ""Rama (masculine name)"" | sanskrit: ""kṛṣṇaḥ (कृष्णः)"", english: ""Krishna (masculine name)"" | sanskrit: ""arjunaḥ (अर्जुनः)"", english: ""Arjuna (masculine name)"" | sanskrit: ""putraḥ (पुत्रः)"", english: ""son (masculine)"" }","Masculine names in Sanskrit typically end in '-aḥ' in the nominative case. These represent male persons or masculine concepts.","
          { sanskrit: ""Person A: mama nāma rāmaḥ."", english: ""My name is Rama."" },
          { sanskrit: ""Person B: mama nāma kṛṣṇaḥ."", english: ""My name is Krishna."" }
        ","Traditional Indian male figures representing masculine names","masculine-names.png","https://dash.cloudflare.com/9e1c4092ca4c803f08a507eab1d1d1e7/r2/default/buckets/sanskrit/objects/masculine-names.png/details","Educational illustration for Sanskrit learning, clean modern style, suitable for language learning app, Traditional Indian male figures representing masculine names, bright colors, clear typography, educational design"
"1","Hello! Getting Started","1.4","Asking: Who? and What? (kaḥ and kim)","Learning interrogative pronouns","Learning interrogative pronouns","","{ sanskrit: ""kaḥ (कः)"", english: ""Who (masculine)"" | sanskrit: ""kā (का)"", english: ""Who (feminine)"" | sanskrit: ""kim (किम्)"", english: ""What"" | sanskrit: ""tava nāma kim? (तव नाम किम्?)"", english: ""What is your name?"" | sanskrit: ""saḥ kaḥ? (सः कः?)"", english: ""Who is he?"" | sanskrit: ""sā kā? (सा का?)"", english: ""Who is she?"" }","Interrogative pronouns change based on gender: 'kaḥ' for masculine, 'kā' for feminine, and 'kim' for 'what'.","
          { sanskrit: ""Person A: tava nāma kim?"", english: ""What is your name?"" },
          { sanskrit: ""Person B: mama nāma rāmaḥ. tava nāma kim?"", english: ""My name is Rama. What is your name?"" },
          { sanskrit: ""Person A: mama nāma sītā."", english: ""My name is Sita."" }
        ","Visual representation of question words and interrogative pronouns","question-words.png","https://dash.cloudflare.com/9e1c4092ca4c803f08a507eab1d1d1e7/r2/default/buckets/sanskrit/objects/question-words.png/details","Educational illustration for Sanskrit learning, clean modern style, suitable for language learning app, Visual representation of question words and interrogative pronouns, bright colors, clear typography, educational design"
"1","Hello! Getting Started","1.5","Yes/No: Simple Affirmation and Negation","Learning to say yes and no in Sanskrit","Learning to say yes and no in Sanskrit","","{ sanskrit: ""āṃ (आम्)"", english: ""Yes"" | sanskrit: ""na (न)"", english: ""No"" | sanskrit: ""āṃ, mama nāma rāmaḥ (आम्, मम नाम रामः)"", english: ""Yes, my name is Rama"" | sanskrit: ""na, mama nāma sītā (न, मम नाम सीता)"", english: ""No, my name is Sita"" | sanskrit: ""kim? āṃ na vā? (किम्? आम् न वा?)"", english: ""What? Yes or no?"" }","'āṃ' is the standard way to say 'yes' in Sanskrit, while 'na' means 'no'. These are simple but essential words for conversation.","
          { sanskrit: ""Person A: tava nāma rāmaḥ?"", english: ""Is your name Rama?"" },
          { sanskrit: ""Person B: āṃ, mama nāma rāmaḥ."", english: ""Yes, my name is Rama."" },
          { sanskrit: ""Person A: tava nāma sītā?"", english: ""Is your name Sita?"" },
          { sanskrit: ""Person B: na, mama nāma rāmaḥ."", english: ""No, my name is Rama."" }
        ","People having conversations with yes/no responses","yes-no-practice.png","https://dash.cloudflare.com/9e1c4092ca4c803f08a507eab1d1d1e7/r2/default/buckets/sanskrit/objects/yes-no-practice.png/details","Educational illustration for Sanskrit learning, clean modern style, suitable for language learning app, People having conversations with yes/no responses, bright colors, clear typography, educational design"
"2","Naming Things & Asking 'Is It There?'","2.1","Existence and Identification","Learning to express existence and identify objects","Learning to express existence and identify objects","","{ sanskrit: ""asti (अस्ति)"", english: ""is, exists"" | sanskrit: ""nāsti (नास्ति)"", english: ""is not, does not exist"" | sanskrit: ""kim asti? (किम् अस्ति?)"", english: ""What is there?"" | sanskrit: ""atra asti (अत्र अस्ति)"", english: ""Here is"" | sanskrit: ""tatra asti (तत्र अस्ति)"", english: ""There is"" }","The word 'asti' is one of the most fundamental verbs in Sanskrit, meaning 'is' or 'exists'. Its negative form is 'nāsti'.","
          { sanskrit: ""Person A: kim asti atra? (किम् अस्ति अत्र?)"", english: ""What is here?"" },
          { sanskrit: ""Person B: pustakam asti atra. (पुस्तकम् अस्ति अत्र।)"", english: ""A book is here."" },
          { sanskrit: ""Person A: kalam asti? (कलमम् अस्ति?)"", english: ""Is there a pen?"" },
          { sanskrit: ""Person B: na, kalam nāsti. (न, कलमम् नास्ति।)"", english: ""No, there is no pen."" }
        ","Various objects on a table showing existence concepts","existence-practice.png","https://dash.cloudflare.com/9e1c4092ca4c803f08a507eab1d1d1e7/r2/default/buckets/sanskrit/objects/existence-practice.png/details","Educational illustration for Sanskrit learning, clean modern style, suitable for language learning app, Various objects on a table showing existence concepts, bright colors, clear typography, educational design"
"2","Naming Things & Asking 'Is It There?'","2.2","Exists/Does Not Exist","Learning to express existence and non-existence","Learning to express existence and non-existence","","{ sanskrit: ""asti (अस्ति)"", english: ""is, exists"" | sanskrit: ""nāsti (नास्ति)"", english: ""is not, does not exist"" | sanskrit: ""kim nāsti? (किम् नास्ति?)"", english: ""What is not there?"" | sanskrit: ""atra nāsti (अत्र नास्ति)"", english: ""Here is not"" | sanskrit: ""tatra nāsti (तत्र नास्ति)"", english: ""There is not"" }","'Nāsti' is the negative form of 'asti'. It's formed by adding 'nā' (not) before 'asti' (is).","
          { sanskrit: ""Person A: pustakam asti atra? (पुस्तकम् अस्ति अत्र?)"", english: ""Is there a book here?"" },
          { sanskrit: ""Person B: ām, pustakam asti. (आम्, पुस्तकम् अस्ति।)"", english: ""Yes, there is a book."" },
          { sanskrit: ""Person A: kalam asti? (कलमम् अस्ति?)"", english: ""Is there a pen?"" },
          { sanskrit: ""Person B: na, kalam nāsti. (न, कलमम् नास्ति।)"", english: ""No, there is no pen."" }
        ","A table with some objects present and some missing","exists-not-practice.png","https://dash.cloudflare.com/9e1c4092ca4c803f08a507eab1d1d1e7/r2/default/buckets/sanskrit/objects/exists-not-practice.png/details","Educational illustration for Sanskrit learning, clean modern style, suitable for language learning app, A table with some objects present and some missing, bright colors, clear typography, educational design"
"2","Naming Things & Asking 'Is It There?'","2.5","Feminine Demonstratives","Learning feminine demonstrative pronouns","Learning feminine demonstrative pronouns","","{ sanskrit: ""sā (सा)"", english: ""she, that (feminine)"" | sanskrit: ""eṣā (एषा)"", english: ""this (feminine)"" | sanskrit: ""sā sītā (सा सीता)"", english: ""she is Sita"" | sanskrit: ""eṣā putrī (एषा पुत्री)"", english: ""this is a daughter"" }","Feminine demonstratives like 'sā' and 'eṣā' are used to point to feminine nouns. They agree in gender with the noun they refer to.","
          { sanskrit: ""Person A: sā kā? (सा का?)"", english: ""Who is she?"" },
          { sanskrit: ""Person B: sā sītā. (सा सीता।)"", english: ""She is Sita."" },
          { sanskrit: ""Person A: eṣā kā? (एषा का?)"", english: ""Who is this?"" },
          { sanskrit: ""Person B: eṣā putrī. (एषा पुत्री।)"", english: ""This is a daughter."" }
        ","Traditional Indian female figures with demonstrative pronouns","feminine-demonstratives.png","https://dash.cloudflare.com/9e1c4092ca4c803f08a507eab1d1d1e7/r2/default/buckets/sanskrit/objects/feminine-demonstratives.png/details","Educational illustration for Sanskrit learning, clean modern style, suitable for language learning app, Traditional Indian female figures with demonstrative pronouns, bright colors, clear typography, educational design"
"2","Naming Things & Asking 'Is It There?'","2.4","Masculine Demonstratives","Learning masculine demonstrative pronouns","Learning masculine demonstrative pronouns","","{ sanskrit: ""saḥ (सः)"", english: ""he, that (masculine)"" | sanskrit: ""eṣaḥ (एषः)"", english: ""this (masculine)"" | sanskrit: ""saḥ rāmaḥ (सः रामः)"", english: ""he is Rama"" | sanskrit: ""eṣaḥ putraḥ (एषः पुत्रः)"", english: ""this is a son"" }","Masculine demonstratives like 'saḥ' and 'eṣaḥ' are used to point to masculine nouns. They agree in gender with the noun they refer to.","
          { sanskrit: ""Person A: saḥ kaḥ? (सः कः?)"", english: ""Who is he?"" },
          { sanskrit: ""Person B: saḥ rāmaḥ. (सः रामः।)"", english: ""He is Rama."" },
          { sanskrit: ""Person A: eṣaḥ kaḥ? (एषः कः?)"", english: ""Who is this?"" },
          { sanskrit: ""Person B: eṣaḥ putraḥ. (एषः पुत्रः।)"", english: ""This is a son."" }
        ","Traditional Indian male figures with demonstrative pronouns","masculine-demonstratives.png","https://dash.cloudflare.com/9e1c4092ca4c803f08a507eab1d1d1e7/r2/default/buckets/sanskrit/objects/masculine-demonstratives.png/details","Educational illustration for Sanskrit learning, clean modern style, suitable for language learning app, Traditional Indian male figures with demonstrative pronouns, bright colors, clear typography, educational design"
"2","Naming Things & Asking 'Is It There?'","2.3","Neuter Demonstratives","Learning neuter demonstrative pronouns","Learning neuter demonstrative pronouns","","{ sanskrit: ""tat (तत्)"", english: ""that (neuter)"" | sanskrit: ""etat (एतत्)"", english: ""this (neuter)"" | sanskrit: ""tat pustakam (तत् पुस्तकम्)"", english: ""that is a book"" | sanskrit: ""etat mitram (एतत् मित्रम्)"", english: ""this is a friend"" }","Neuter demonstratives like 'tat' and 'etat' are used to point to neuter nouns. They agree in gender with the noun they refer to.","
          { sanskrit: ""Person A: tat kim? (तत् किम्?)"", english: ""What is that?"" },
          { sanskrit: ""Person B: tat pustakam. (तत् पुस्तकम्।)"", english: ""That is a book."" },
          { sanskrit: ""Person A: etat kim? (एतत् किम्?)"", english: ""What is this?"" },
          { sanskrit: ""Person B: etat mitram. (एतत् मित्रम्।)"", english: ""This is a friend."" }
        ","Traditional Indian objects with demonstrative pronouns","neuter-demonstratives.png","https://dash.cloudflare.com/9e1c4092ca4c803f08a507eab1d1d1e7/r2/default/buckets/sanskrit/objects/neuter-demonstratives.png/details","Educational illustration for Sanskrit learning, clean modern style, suitable for language learning app, Traditional Indian objects with demonstrative pronouns, bright colors, clear typography, educational design"
"2","Naming Things & Asking 'Is It There?'","2.6","Workplace Vocabulary","Learning workplace and professional vocabulary","Learning workplace and professional vocabulary","","{ sanskrit: ""kāryaḥ (कार्यः)"", english: ""work, duty"" | sanskrit: ""kāryālayaḥ (कार्यालयः)"", english: ""office"" | sanskrit: ""kāryakartā (कार्यकर्ता)"", english: ""worker, employee"" | sanskrit: ""kāryaṇīyaḥ (कार्यणीयः)"", english: ""work to be done"" }","Workplace vocabulary in Sanskrit often uses the root 'kārya' (work) combined with other words to form compound terms.","
          { sanskrit: ""Person A: tava kāryaḥ kim? (तव कार्यः किम्?)"", english: ""What is your work?"" },
          { sanskrit: ""Person B: mama kāryaḥ lekhanaṃ. (मम कार्यः लेखनम्।)"", english: ""My work is writing."" },
          { sanskrit: ""Person A: kāryālayaḥ kutra? (कार्यालयः कुत्र?)"", english: ""Where is the office?"" },
          { sanskrit: ""Person B: kāryālayaḥ atra. (कार्यालयः अत्र।)"", english: ""The office is here."" }
        ","Traditional Indian workplace scene with professional activities","workplace-vocabulary.png","https://dash.cloudflare.com/9e1c4092ca4c803f08a507eab1d1d1e7/r2/default/buckets/sanskrit/objects/workplace-vocabulary.png/details","Educational illustration for Sanskrit learning, clean modern style, suitable for language learning app, Traditional Indian workplace scene with professional activities, bright colors, clear typography, educational design"
"3","Where Is It? Describing Location","3.5","Directions","Learning directional words and concepts","Learning directional words and concepts","","{ sanskrit: ""uttara (उत्तर)"", english: ""north"" | sanskrit: ""dakṣiṇa (दक्षिण)"", english: ""south"" | sanskrit: ""pūrva (पूर्व)"", english: ""east"" | sanskrit: ""paścima (पश्चिम)"", english: ""west"" }","Directional words in Sanskrit are essential for navigation and describing movement. They help you give and follow directions.","
          { sanskrit: ""Person A: kutra gacchasi? (कुत्र गच्छसि?)"", english: ""Where are you going?"" },
          { sanskrit: ""Person B: uttaraṃ gacchāmi. (उत्तरं गच्छामि।)"", english: ""I am going north."" },
          { sanskrit: ""Person A: dakṣiṇaṃ kutra? (दक्षिणं कुत्र?)"", english: ""Where is the south?"" },
          { sanskrit: ""Person B: dakṣiṇaṃ tatra. (दक्षिणं तत्र।)"", english: ""The south is there."" }
        ","Traditional Indian compass with directional concepts","directions.png","https://dash.cloudflare.com/9e1c4092ca4c803f08a507eab1d1d1e7/r2/default/buckets/sanskrit/objects/directions.png/details","Educational illustration for Sanskrit learning, clean modern style, suitable for language learning app, Traditional Indian compass with directional concepts, bright colors, clear typography, educational design"
"3","Where Is It? Describing Location","3.4","Everywhere and Elsewhere","Learning to express 'everywhere' and 'elsewhere'","Learning to express 'everywhere' and 'elsewhere'","","{ sanskrit: ""example (उदाहरण)"", english: ""example"" | sanskrit: ""practice (अभ्यास)"", english: ""practice"" }","This is a placeholder content that needs to be customized for each lesson.","
          { sanskrit: ""Person A: example question"", english: ""Example question"" },
          { sanskrit: ""Person B: example answer"", english: ""Example answer"" }
        ","Placeholder image for practice","placeholder.png","https://dash.cloudflare.com/9e1c4092ca4c803f08a507eab1d1d1e7/r2/default/buckets/sanskrit/objects/placeholder.png/details","Educational illustration for Sanskrit learning, clean modern style, suitable for language learning app, Placeholder image for practice, bright colors, clear typography, educational design"
"3","Where Is It? Describing Location","3.7","From Where?","Learning to ask and answer 'From where?' questions","Learning to ask and answer 'From where?' questions","","{ sanskrit: ""itaḥ (इतः)"", english: ""from here"" | sanskrit: ""tataḥ (ततः)"", english: ""from there"" | sanskrit: ""yataḥ (यतः)"", english: ""from where"" | sanskrit: ""itaḥ āgacchati (इतः आगच्छति)"", english: ""comes from here"" | sanskrit: ""tataḥ āgacchati (ततः आगच्छति)"", english: ""comes from there"" | sanskrit: ""yataḥ āgacchati (यतः आगच्छति)"", english: ""comes from where"" }","These words express the origin or source of movement. 'Itaḥ' (from here), 'tataḥ' (from there), and 'yataḥ' (from where) are used to indicate starting points.","
          { sanskrit: ""Person A: kutra āgacchasi? (कुत्र आगच्छसि?)"", english: ""Where do you come from?"" },
          { sanskrit: ""Person B: ahaṃ itaḥ āgacchāmi. (अहं इतः आगच्छामि।)"", english: ""I come from here."" },
          { sanskrit: ""Person A: saḥ kutra āgacchati? (सः कुत्र आगच्छति?)"", english: ""Where does he come from?"" },
          { sanskrit: ""Person B: saḥ tataḥ āgacchati. (सः ततः आगच्छति।)"", english: ""He comes from there."" }
        ","A map showing different origin points and destinations","from-where.png","https://dash.cloudflare.com/9e1c4092ca4c803f08a507eab1d1d1e7/r2/default/buckets/sanskrit/objects/from-where.png/details","Educational illustration for Sanskrit learning, clean modern style, suitable for language learning app, A map showing different origin points and destinations, bright colors, clear typography, educational design"
"3","Where Is It? Describing Location","3.3","Here and There","Learning to express 'here' and 'there' in Sanskrit","Learning to express 'here' and 'there' in Sanskrit","","{ sanskrit: ""atra (अत्र)"", english: ""here"" | sanskrit: ""tatra (तत्र)"", english: ""there"" | sanskrit: ""atra asti (अत्र अस्ति)"", english: ""it is here"" | sanskrit: ""tatra asti (तत्र अस्ति)"", english: ""it is there"" }","'atra' and 'tatra' are fundamental location words in Sanskrit. They help you describe where things are located.","
          { sanskrit: ""Person A: kutra asti? (कुत्र अस्ति?)"", english: ""Where is it?"" },
          { sanskrit: ""Person B: atra asti. (अत्र अस्ति।)"", english: ""It is here."" },
          { sanskrit: ""Person A: tatra asti? (तत्र अस्ति?)"", english: ""Is it there?"" },
          { sanskrit: ""Person B: ām, tatra asti. (आम्, तत्र अस्ति।)"", english: ""Yes, it is there."" }
        ","Traditional Indian scene showing here and there locations","here-there.png","https://dash.cloudflare.com/9e1c4092ca4c803f08a507eab1d1d1e7/r2/default/buckets/sanskrit/objects/here-there.png/details","Educational illustration for Sanskrit learning, clean modern style, suitable for language learning app, Traditional Indian scene showing here and there locations, bright colors, clear typography, educational design"
"3","Where Is It? Describing Location","3.6","Inside and Outside","Learning to express 'inside' and 'outside'","Learning to express 'inside' and 'outside'","","{ sanskrit: ""example (उदाहरण)"", english: ""example"" | sanskrit: ""practice (अभ्यास)"", english: ""practice"" }","This is a placeholder content that needs to be customized for each lesson.","
          { sanskrit: ""Person A: example question"", english: ""Example question"" },
          { sanskrit: ""Person B: example answer"", english: ""Example answer"" }
        ","Placeholder image for practice","placeholder.png","https://dash.cloudflare.com/9e1c4092ca4c803f08a507eab1d1d1e7/r2/default/buckets/sanskrit/objects/placeholder.png/details","Educational illustration for Sanskrit learning, clean modern style, suitable for language learning app, Placeholder image for practice, bright colors, clear typography, educational design"
"3","Where Is It? Describing Location","3.1","Basic Spatial Concepts","Learning fundamental location and spatial concepts","Learning fundamental location and spatial concepts","","{ sanskrit: ""atra (अत्र)"", english: ""here"" | sanskrit: ""tatra (तत्र)"", english: ""there"" | sanskrit: ""kutra (कुत्र)"", english: ""where"" | sanskrit: ""sarvatra (सर्वत्र)"", english: ""everywhere"" | sanskrit: ""anyatra (अन्यत्र)"", english: ""elsewhere"" }","These basic spatial words are essential for describing locations and asking about places in Sanskrit.","
          { sanskrit: ""Person A: kutra pustakam? (कुत्र पुस्तकम्?)"", english: ""Where is the book?"" },
          { sanskrit: ""Person B: atra pustakam asti. (अत्र पुस्तकम् अस्ति।)"", english: ""The book is here."" },
          { sanskrit: ""Person A: tatra kim asti? (तत्र किम् अस्ति?)"", english: ""What is there?"" },
          { sanskrit: ""Person B: tatra kalam asti. (तत्र कलमम् अस्ति।)"", english: ""There is a pen."" }
        ","A room layout showing different spatial relationships","spatial-concepts.png","https://dash.cloudflare.com/9e1c4092ca4c803f08a507eab1d1d1e7/r2/default/buckets/sanskrit/objects/spatial-concepts.png/details","Educational illustration for Sanskrit learning, clean modern style, suitable for language learning app, A room layout showing different spatial relationships, bright colors, clear typography, educational design"
"3","Where Is It? Describing Location","3.2","Where?","Learning to ask and answer 'Where?' questions","Learning to ask and answer 'Where?' questions","","{ sanskrit: ""example (उदाहरण)"", english: ""example"" | sanskrit: ""practice (अभ्यास)"", english: ""practice"" }","This is a placeholder content that needs to be customized for each lesson.","
          { sanskrit: ""Person A: example question"", english: ""Example question"" },
          { sanskrit: ""Person B: example answer"", english: ""Example answer"" }
        ","Placeholder image for practice","placeholder.png","https://dash.cloudflare.com/9e1c4092ca4c803f08a507eab1d1d1e7/r2/default/buckets/sanskrit/objects/placeholder.png/details","Educational illustration for Sanskrit learning, clean modern style, suitable for language learning app, Placeholder image for practice, bright colors, clear typography, educational design"
"4","Action! What People Are Doing","4.3","I Actions","Learning first person actions and verbs","Learning first person actions and verbs","","{ sanskrit: ""example (उदाहरण)"", english: ""example"" | sanskrit: ""practice (अभ्यास)"", english: ""practice"" }","This is a placeholder content that needs to be customized for each lesson.","
          { sanskrit: ""Person A: example question"", english: ""Example question"" },
          { sanskrit: ""Person B: example answer"", english: ""Example answer"" }
        ","Placeholder image for practice","placeholder.png","https://dash.cloudflare.com/9e1c4092ca4c803f08a507eab1d1d1e7/r2/default/buckets/sanskrit/objects/placeholder.png/details","Educational illustration for Sanskrit learning, clean modern style, suitable for language learning app, Placeholder image for practice, bright colors, clear typography, educational design"
"4","Action! What People Are Doing","4.6","Necessity and Obligation","Learning to express necessity and obligation","Learning to express necessity and obligation","","{ sanskrit: ""example (उदाहरण)"", english: ""example"" | sanskrit: ""practice (अभ्यास)"", english: ""practice"" }","This is a placeholder content that needs to be customized for each lesson.","
          { sanskrit: ""Person A: example question"", english: ""Example question"" },
          { sanskrit: ""Person B: example answer"", english: ""Example answer"" }
        ","Placeholder image for practice","placeholder.png","https://dash.cloudflare.com/9e1c4092ca4c803f08a507eab1d1d1e7/r2/default/buckets/sanskrit/objects/placeholder.png/details","Educational illustration for Sanskrit learning, clean modern style, suitable for language learning app, Placeholder image for practice, bright colors, clear typography, educational design"
"4","Action! What People Are Doing","4.5","Requests and Commands","Learning imperative forms and commands","Learning imperative forms and commands","","{ sanskrit: ""example (उदाहरण)"", english: ""example"" | sanskrit: ""practice (अभ्यास)"", english: ""practice"" }","This is a placeholder content that needs to be customized for each lesson.","
          { sanskrit: ""Person A: example question"", english: ""Example question"" },
          { sanskrit: ""Person B: example answer"", english: ""Example answer"" }
        ","Placeholder image for practice","placeholder.png","https://dash.cloudflare.com/9e1c4092ca4c803f08a507eab1d1d1e7/r2/default/buckets/sanskrit/objects/placeholder.png/details","Educational illustration for Sanskrit learning, clean modern style, suitable for language learning app, Placeholder image for practice, bright colors, clear typography, educational design"
"4","Action! What People Are Doing","4.1","Simple Actions (Present Tense)","Understanding present tense actions in Sanskrit","Understanding present tense actions in Sanskrit","","{ sanskrit: ""gacchati (गच्छति)"", english: ""goes"" | sanskrit: ""āgacchati (आगच्छति)"", english: ""comes"" | sanskrit: ""likhati (लिखति)"", english: ""writes"" | sanskrit: ""paṭhati (पठति)"", english: ""reads"" | sanskrit: ""tiṣṭhati (तिष्ठति)"", english: ""stands"" | sanskrit: ""upaviśati (उपविशति)"", english: ""sits"" }","Present tense verbs in Sanskrit typically end in '-ti' for third person singular (he/she/it). These are the most common verb forms you'll encounter.","
          { sanskrit: ""Person A: saḥ kutra gacchati? (सः कुत्र गच्छति?)"", english: ""Where does he go?"" },
          { sanskrit: ""Person B: saḥ gṛhaṃ gacchati. (सः गृहं गच्छति।)"", english: ""He goes home."" },
          { sanskrit: ""Person A: sā kim karoti? (सा किम् करोति?)"", english: ""What does she do?"" },
          { sanskrit: ""Person B: sā pustakam paṭhati. (सा पुस्तकं पठति।)"", english: ""She reads a book."" }
        ","People performing various actions like walking, reading, writing","simple-actions.png","https://dash.cloudflare.com/9e1c4092ca4c803f08a507eab1d1d1e7/r2/default/buckets/sanskrit/objects/simple-actions.png/details","Educational illustration for Sanskrit learning, clean modern style, suitable for language learning app, People performing various actions like walking, reading, writing, bright colors, clear typography, educational design"
"4","Action! What People Are Doing","4.2","Simple Verbs","Learning basic verb forms and conjugations","Learning basic verb forms and conjugations","","{ sanskrit: ""example (उदाहरण)"", english: ""example"" | sanskrit: ""practice (अभ्यास)"", english: ""practice"" }","This is a placeholder content that needs to be customized for each lesson.","
          { sanskrit: ""Person A: example question"", english: ""Example question"" },
          { sanskrit: ""Person B: example answer"", english: ""Example answer"" }
        ","Placeholder image for practice","placeholder.png","https://dash.cloudflare.com/9e1c4092ca4c803f08a507eab1d1d1e7/r2/default/buckets/sanskrit/objects/placeholder.png/details","Educational illustration for Sanskrit learning, clean modern style, suitable for language learning app, Placeholder image for practice, bright colors, clear typography, educational design"
"4","Action! What People Are Doing","4.4","You Actions","Learning second person actions and verbs","Learning second person actions and verbs","","{ sanskrit: ""example (उदाहरण)"", english: ""example"" | sanskrit: ""practice (अभ्यास)"", english: ""practice"" }","This is a placeholder content that needs to be customized for each lesson.","
          { sanskrit: ""Person A: example question"", english: ""Example question"" },
          { sanskrit: ""Person B: example answer"", english: ""Example answer"" }
        ","Placeholder image for practice","placeholder.png","https://dash.cloudflare.com/9e1c4092ca4c803f08a507eab1d1d1e7/r2/default/buckets/sanskrit/objects/placeholder.png/details","Educational illustration for Sanskrit learning, clean modern style, suitable for language learning app, Placeholder image for practice, bright colors, clear typography, educational design"
"5","Groups and Plurals","5.8","How Many?","Learning to ask and answer 'How many?' questions","Learning to ask and answer 'How many?' questions","","{ sanskrit: ""kati (कति)"", english: ""how many"" | sanskrit: ""ekaḥ (एकः)"", english: ""one"" | sanskrit: ""dve (द्वे)"", english: ""two"" | sanskrit: ""trayaḥ (त्रयः)"", english: ""three"" }","'Kati' is used to ask 'how many' questions. Numbers in Sanskrit have different forms for masculine, feminine, and neuter nouns.","
          { sanskrit: ""Person A: kati pustakāni? (कति पुस्तकानि?)"", english: ""How many books?"" },
          { sanskrit: ""Person B: trayāṇi pustakāni. (त्रयाणि पुस्तकानि।)"", english: ""Three books."" },
          { sanskrit: ""Person A: kati putrāḥ? (कति पुत्राः?)"", english: ""How many sons?"" },
          { sanskrit: ""Person B: dvau putrau. (द्वौ पुत्रौ।)"", english: ""Two sons."" }
        ","Traditional Indian scene with countable objects","how-many.png","https://dash.cloudflare.com/9e1c4092ca4c803f08a507eab1d1d1e7/r2/default/buckets/sanskrit/objects/how-many.png/details","Educational illustration for Sanskrit learning, clean modern style, suitable for language learning app, Traditional Indian scene with countable objects, bright colors, clear typography, educational design"
"5","Groups and Plurals","5.1","Dealing with Many (Plural Forms)","Learning to work with multiple items and people","Learning to work with multiple items and people","","{ sanskrit: ""ekavacanam (एकवचनम्)"", english: ""singular"" | sanskrit: ""bahuvacanam (बहुवचनम्)"", english: ""plural"" | sanskrit: ""vayam (वयम्)"", english: ""we"" | sanskrit: ""yūyam (यूयम्)"", english: ""you (plural)"" | sanskrit: ""te (ते)"", english: ""they (masculine)"" | sanskrit: ""tāḥ (ताः)"", english: ""they (feminine)"" | sanskrit: ""tāni (तानि)"", english: ""they (neuter)"" }","Plural forms in Sanskrit change based on gender. Masculine plurals often end in '-āḥ', feminine in '-āḥ', and neuter in '-āni'.","
          { sanskrit: ""Person A: vayam kim karomi? (वयम् किम् करोमि?)"", english: ""What do we do?"" },
          { sanskrit: ""Person B: vayam pustakāni paṭhāmaḥ. (वयम् पुस्तकानि पठामः।)"", english: ""We read books."" },
          { sanskrit: ""Person A: yūyam kutra gacchatha? (यूयम् कुत्र गच्छथ?)"", english: ""Where do you (plural) go?"" },
          { sanskrit: ""Person B: vayam gṛhāni gacchāmaḥ. (वयम् गृहानि गच्छामः।)"", english: ""We go to houses."" }
        ","Multiple people and objects representing plural concepts","plural-concepts.png","https://dash.cloudflare.com/9e1c4092ca4c803f08a507eab1d1d1e7/r2/default/buckets/sanskrit/objects/plural-concepts.png/details","Educational illustration for Sanskrit learning, clean modern style, suitable for language learning app, Multiple people and objects representing plural concepts, bright colors, clear typography, educational design"
"5","Groups and Plurals","5.2","Singular and Plural","Learning the difference between singular and plural forms","Learning the difference between singular and plural forms","","{ sanskrit: ""ekaḥ (एकः)"", english: ""one (singular)"" | sanskrit: ""bahavaḥ (बहवः)"", english: ""many (plural)"" | sanskrit: ""putraḥ (पुत्रः)"", english: ""son (singular)"" | sanskrit: ""putrāḥ (पुत्राः)"", english: ""sons (plural)"" }","Singular forms refer to one item, while plural forms refer to multiple items. The endings change based on number.","
          { sanskrit: ""Person A: ekaḥ putraḥ? (एकः पुत्रः?)"", english: ""One son?"" },
          { sanskrit: ""Person B: ām, ekaḥ putraḥ. (आम्, एकः पुत्रः।)"", english: ""Yes, one son."" },
          { sanskrit: ""Person A: bahavaḥ putrāḥ? (बहवः पुत्राः?)"", english: ""Many sons?"" },
          { sanskrit: ""Person B: ām, bahavaḥ putrāḥ. (आम्, बहवः पुत्राः।)"", english: ""Yes, many sons."" }
        ","Traditional Indian scene showing singular and plural objects","singular-plural.png","https://dash.cloudflare.com/9e1c4092ca4c803f08a507eab1d1d1e7/r2/default/buckets/sanskrit/objects/singular-plural.png/details","Educational illustration for Sanskrit learning, clean modern style, suitable for language learning app, Traditional Indian scene showing singular and plural objects, bright colors, clear typography, educational design"
"5","Groups and Plurals","5.6","We and You (Plural)","Learning first and second person plural pronouns","Learning first and second person plural pronouns","","{ sanskrit: ""example (उदाहरण)"", english: ""example"" | sanskrit: ""practice (अभ्यास)"", english: ""practice"" }","This is a placeholder content that needs to be customized for each lesson.","
          { sanskrit: ""Person A: example question"", english: ""Example question"" },
          { sanskrit: ""Person B: example answer"", english: ""Example answer"" }
        ","Placeholder image for practice","placeholder.png","https://dash.cloudflare.com/9e1c4092ca4c803f08a507eab1d1d1e7/r2/default/buckets/sanskrit/objects/placeholder.png/details","Educational illustration for Sanskrit learning, clean modern style, suitable for language learning app, Placeholder image for practice, bright colors, clear typography, educational design"